ACCESS-CM2,,,ACCESS-ESM1-5,,,BCC-CSM2-MR,,,CMCC-ESM2,,,CanESM5-1,,,CanESM5,,,EC-Earth3-CC,,,EC-Earth3-Veg-LR,,,EC-Earth3-Veg,,,EC-Earth3,,,FGOALS-g3,,,GFDL-CM4,,,GFDL-ESM4,,,IITM-ESM,,,INM-CM4-8,,,INM-CM5-0,,,IPSL-CM6A-LR,,,KACE-1-0-G,,,MIROC6,,,MPI-ESM1-2-HR,,,MPI-ESM1-2-LR,,,NorESM2-LM,,,NorESM2-MM,,,TaiESM1,,
hfls,DNE,DNE,hfls,2015,2100,hfls,2015,2100,hfls,2015,2100,hfls,2015,2100,hfls,2015,2100,hfls,2015,2100,hfls,2015,2100,hfls,2047,2100,hfls,2067,2100,hfls,2015,2100,hfls,DNE,DNE,hfls,DNE,DNE,hfls,2015,2099,hfls,2015,2100,hfls,2015,2100,hfls,2015,2100,hfls,2015,2100,hfls,2015,2100,hfls,2015,2100,hfls,2015,2100,hfls,2015,2100,hfls,2015,2100,hfls,2015,2100
hurs,2015,2100,hurs,DNE,DNE,hurs,DNE,DNE,hurs,2015,2100,hurs,2015,2100,hurs,2015,2100,hurs,2015,2100,hurs,2015,2100,hurs,DNE,DNE,hurs,2015,2100,hurs,2015,2100,hurs,2015,2100,hurs,2015,2100,hurs,2015,2099,hurs,2015,2100,hurs,2015,2100,hurs,2015,2100,hurs,2015,2100,hurs,2015,2100,hurs,2015,2100,hurs,2015,2100,hurs,2015,2100,hurs,2015,2100,hurs,2015,2100
huss,2015,2100,huss,2015,2100,huss,2015,2100,huss,2015,2100,huss,2015,2100,huss,2015,2100,huss,2015,2100,huss,2015,2100,huss,DNE,DNE,huss,2015,2100,huss,2015,2100,huss,2015,2100,huss,2015,2100,huss,2015,2099,huss,2015,2100,huss,2015,2100,huss,DNE,DNE,huss,2015,2100,huss,2015,2100,huss,2015,2100,huss,2015,2100,huss,2015,2100,huss,2015,2100,huss,2015,2100
pr,DNE,DNE,pr,2015,2100,pr,2015,2100,pr,2015,2100,pr,2015,2100,pr,2015,2100,pr,2015,2100,pr,2015,2100,pr,DNE,DNE,pr,2015,2098,pr,2015,2100,pr,2015,2100,pr,2015,2100,pr,2015,2099,pr,2015,2100,pr,2015,2100,pr,2015,2100,pr,2015,2100,pr,2015,2100,pr,2015,2100,pr,2015,2100,pr,2015,2100,pr,2015,2100,pr,2015,2100
psl,DNE,DNE,psl,2015,2100,psl,2015,2100,psl,2015,2100,psl,2015,2100,psl,2015,2100,psl,2015,2100,psl,2015,2100,psl,DNE,DNE,psl,2015,2100,psl,2015,2100,psl,2015,2100,psl,2015,2100,psl,2015,2099,psl,2015,2100,psl,2015,2100,psl,2015,2100,psl,2015,2100,psl,2015,2100,psl,2015,2100,psl,2015,2100,psl,2015,2100,psl,2015,2100,psl,2015,2100
tas,DNE,DNE,tas,2015,2100,tas,2015,2100,tas,2015,2100,tas,2015,2100,tas,2015,2100,tas,2015,2100,tas,2015,2100,tas,DNE,DNE,tas,2015,2100,tas,2020,2099,tas,2015,2100,tas,2015,2100,tas,2015,2099,tas,2015,2100,tas,2015,2100,tas,2015,2100,tas,2015,2100,tas,2015,2100,tas,2015,2100,tas,2015,2100,tas,2015,2100,tas,2015,2100,tas,2015,2100
tasmax,2015,2100,tasmax,2015,2100,tasmax,2015,2100,tasmax,2015,2100,tasmax,2015,2100,tasmax,2015,2100,tasmax,2015,2100,tasmax,2015,2100,tasmax,DNE,DNE,tasmax,2015,2100,tasmax,2020,2099,tasmax,2015,2100,tasmax,2015,2100,tasmax,DNE,DNE,tasmax,2015,2100,tasmax,2015,2100,tasmax,2015,2100,tasmax,2015,2100,tasmax,2015,2100,tasmax,2015,2100,tasmax,2015,2100,tasmax,2015,2100,tasmax,2015,2100,tasmax,2015,2100
tasmin,2015,2100,tasmin,2015,2100,tasmin,2015,2100,tasmin,2015,2100,tasmin,2015,2100,tasmin,2015,2100,tasmin,2015,2100,tasmin,2015,2100,tasmin,DNE,DNE,tasmin,2015,2100,tasmin,2020,2099,tasmin,2015,2100,tasmin,2015,2100,tasmin,DNE,DNE,tasmin,2015,2100,tasmin,2015,2100,tasmin,2015,2100,tasmin,2015,2100,tasmin,2015,2100,tasmin,2015,2100,tasmin,2015,2100,tasmin,2015,2100,tasmin,2015,2100,tasmin,2015,2100
uas,2015,2100,uas,2015,2100,uas,2015,2100,uas,2015,2100,uas,2015,2100,uas,2015,2100,uas,2015,2068,uas,2015,2068,uas,DNE,DNE,uas,2015,2100,uas,DNE,DNE,uas,2015,2100,uas,2015,2100,uas,2015,2099,uas,2015,2100,uas,2015,2100,uas,2015,2100,uas,2015,2100,uas,2015,2100,uas,2015,2100,uas,2015,2100,uas,DNE,DNE,uas,DNE,DNE,uas,DNE,DNE
vas,2015,2100,vas,2015,2100,vas,2015,2100,vas,2015,2100,vas,2015,2100,vas,2015,2100,vas,DNE,DNE,vas,DNE,DNE,vas,DNE,DNE,vas,2015,2100,vas,DNE,DNE,vas,2015,2100,vas,2015,2100,vas,2015,2099,vas,2015,2100,vas,2015,2100,vas,2015,2100,vas,2015,2100,vas,2015,2100,vas,2015,2100,vas,2015,2100,vas,DNE,DNE,vas,DNE,DNE,vas,DNE,DNE
hur,2015,2100,hur,DNE,DNE,hur,2015,2100,hur,2015,2100,hur,2015,2100,hur,2015,2100,hur,DNE,DNE,hur,DNE,DNE,hur,DNE,DNE,hur,2099,2100,hur,2015,2100,hur,2015,2100,hur,DNE,DNE,hur,2015,2099,hur,2015,2100,hur,2015,2100,hur,2015,2100,hur,2015,2100,hur,2015,2100,hur,2015,2100,hur,2015,2100,hur,2061,2100,hur,2015,2100,hur,2015,2100
hus,2015,2100,hus,DNE,DNE,hus,2015,2100,hus,2015,2100,hus,2015,2100,hus,2015,2100,hus,2015,2100,hus,2015,2100,hus,2015,2100,hus,2015,2100,hus,2015,2100,hus,2015,2100,hus,2061,2100,hus,2015,2099,hus,2015,2100,hus,2015,2100,hus,2015,2100,hus,2015,2100,hus,2015,2034,hus,2015,2100,hus,2015,2100,hus,2015,2100,hus,2015,2100,hus,2015,2100
ta,2015,2100,ta,DNE,DNE,ta,2015,2100,ta,2015,2100,ta,2015,2100,ta,2015,2100,ta,2015,2100,ta,2015,2100,ta,DNE,DNE,ta,2018,2100,ta,2015,2100,ta,2015,2100,ta,2061,2100,ta,2015,2099,ta,2015,2100,ta,2015,2100,ta,2015,2100,ta,2015,2100,ta,2015,2100,ta,2015,2100,ta,2015,2100,ta,2015,2100,ta,2015,2100,ta,2015,2100
ua,2015,2100,ua,DNE,DNE,ua,2015,2100,ua,2015,2100,ua,2015,2100,ua,2015,2100,ua,2015,2100,ua,2015,2100,ua,DNE,DNE,ua,2019,2100,ua,2020,2099,ua,2015,2100,ua,2061,2100,ua,2015,2099,ua,2015,2100,ua,2015,2100,ua,2015,2100,ua,2015,2100,ua,2015,2100,ua,2015,2100,ua,2015,2100,ua,2015,2100,ua,2015,2100,ua,2015,2100
va,2015,2100,va,DNE,DNE,va,2015,2100,va,2015,2100,va,2015,2100,va,2015,2100,va,DNE,DNE,va,DNE,DNE,va,DNE,DNE,va,2094,2100,va,2020,2035,va,2015,2100,va,2061,2100,va,2015,2099,va,2015,2100,va,2015,2100,va,2015,2100,va,2015,2100,va,2015,2100,va,2015,2100,va,2015,2100,va,2015,2100,va,2015,2100,va,2015,2100
wap,2015,2100,wap,DNE,DNE,wap,2015,2100,wap,2015,2100,wap,2015,2100,wap,2015,2100,wap,DNE,DNE,wap,DNE,DNE,wap,DNE,DNE,wap,2015,2100,wap,DNE,DNE,wap,2015,2100,wap,2061,2100,wap,2015,2099,wap,2015,2100,wap,2015,2100,wap,2015,2100,wap,2015,2100,wap,2015,2100,wap,2015,2100,wap,2015,2100,wap,2015,2100,wap,2015,2100,wap,2015,2100
zg,2015,2100,zg,DNE,DNE,zg,2015,2100,zg,DNE,DNE,zg,2015,2100,zg,2015,2100,zg,DNE,DNE,zg,DNE,DNE,zg,DNE,DNE,zg,2015,2035,zg,DNE,DNE,zg,2015,2100,zg,2061,2100,zg,2015,2099,zg,2015,2100,zg,2015,2100,zg,2015,2100,zg,2015,2100,zg,2015,2100,zg,2015,2100,zg,2015,2100,zg,2015,2100,zg,2015,2100,zg,2015,2100
